{
    "iteration": [
        1
    ],
    "train_size": [
        1005
    ],
    "mean_ap": [
        0.6165674454836791
    ],
    "ap_per_class": [
        {
            "book": 0.20505142729311807,
            "bird": 0.5867225266877044,
            "stop sign": 0.8551583312750937,
            "zebra": 0.8193374966788001
        }
    ],
    "feedback_method": "vlm",
    "train_loss_per_epoch": [
        [
            0.7001569129630301,
            0.5175138174983901,
            0.447214454190276
        ]
    ],
    "val_loss_per_epoch": [
        [
            0.6003569347517831,
            0.545436040471707,
            0.5692012315349919
        ]
    ],
    "train_map_per_epoch": [
        [
            0.6378864592582743,
            0.7646604380755944,
            0.8046957473087896
        ]
    ],
    "val_map_per_epoch": [
        [
            0.5634439485064096,
            0.6130898601311013,
            0.6217849412627774
        ]
    ]
}