{
    "iteration": [
        1,
        2
    ],
    "train_size": [
        1005,
        1423
    ],
    "mean_ap": [
        0.6165674454836791,
        0.6393194794847035
    ],
    "ap_per_class": [
        {
            "book": 0.20505142729311807,
            "bird": 0.5867225266877044,
            "stop sign": 0.8551583312750937,
            "zebra": 0.8193374966788001
        },
        {
            "book": 0.24265889254441775,
            "bird": 0.6488111610471043,
            "stop sign": 0.8835858084869943,
            "zebra": 0.7822220558602977
        }
    ],
    "feedback_method": "vlm",
    "train_loss_per_epoch": [
        [
            0.7001569129630301,
            0.5175138174983901,
            0.447214454190276
        ],
        [
            0.5709220306696684,
            0.4537380633017655,
            0.40228363495906083
        ]
    ],
    "val_loss_per_epoch": [
        [
            0.6003569347517831,
            0.545436040471707,
            0.5692012315349919
        ],
        [
            0.5645710854125875,
            0.5809757188494716,
            0.5288909099463905
        ]
    ],
    "train_map_per_epoch": [
        [
            0.6378864592582743,
            0.7646604380755944,
            0.8046957473087896
        ],
        [
            0.690018152398311,
            0.7433079374993642,
            0.8049164481014502
        ]
    ],
    "val_map_per_epoch": [
        [
            0.5634439485064096,
            0.6130898601311013,
            0.6217849412627774
        ],
        [
            0.6091253701562135,
            0.6152937174771264,
            0.6470834240020679
        ]
    ]
}