{
    "iteration": [
        0,
        1,
        2
    ],
    "train_size": [
        1005,
        1524,
        1752
    ],
    "mean_ap": [
        0.6274231519025242,
        0.6343185767081044,
        0.6270973875551429
    ],
    "ap_per_class": [
        {
            "book": 0.18959575730918005,
            "bird": 0.6319242861756131,
            "stop sign": 0.8664881717338441,
            "zebra": 0.8216843923914597
        },
        {
            "book": 0.19878731161084923,
            "bird": 0.634264405529079,
            "stop sign": 0.8793871703864677,
            "zebra": 0.8248354193060218
        },
        {
            "book": 0.22506772127412994,
            "bird": 0.6264778368291462,
            "stop sign": 0.8779379872223201,
            "zebra": 0.7789060048949755
        }
    ],
    "feedback_method": "iou_threshold_0.6",
    "train_loss_per_epoch": [
        [
            0.6755272561821265,
            0.5079987162861151,
            0.43488653199691657
        ],
        [
            0.37176844096324574,
            0.33393703933971447,
            0.3100470068162977
        ],
        [
            0.3117585658142556,
            0.2855732003694664,
            0.263923543909369
        ]
    ],
    "val_loss_per_epoch": [
        [
            0.5705972562411001,
            0.5383364827505179,
            0.5512700011155435
        ],
        [
            0.5469573285962854,
            0.5453552630330835,
            0.5749568742832967
        ],
        [
            0.5690385870103325,
            0.593590402177402,
            0.5632587945887021
        ]
    ],
    "train_map_per_epoch": [
        [
            0.6897541933052613,
            0.758369196565462,
            0.8209017711230344
        ],
        [
            0.7916419744003037,
            0.8528259776446202,
            0.8692848176327908
        ],
        [
            0.8645268631337627,
            0.8657486930322145,
            0.9012150809745993
        ]
    ],
    "val_map_per_epoch": [
        [
            0.6367415095787199,
            0.647221372108197,
            0.6591952708010453
        ],
        [
            0.6413083912781248,
            0.6640218574471268,
            0.6547813580923718
        ],
        [
            0.6648889956373538,
            0.6644962364717534,
            0.6824944996969478
        ]
    ]
}