{
    "iteration": [
        0
    ],
    "train_size": [
        1005
    ],
    "mean_ap": [
        0.6274231519025242
    ],
    "ap_per_class": [
        {
            "book": 0.18959575730918005,
            "bird": 0.6319242861756131,
            "stop sign": 0.8664881717338441,
            "zebra": 0.8216843923914597
        }
    ],
    "feedback_method": "iou_threshold_0.6",
    "train_loss_per_epoch": [
        [
            0.6755272561821265,
            0.5079987162861151,
            0.43488653199691657
        ]
    ],
    "val_loss_per_epoch": [
        [
            0.5705972562411001,
            0.5383364827505179,
            0.5512700011155435
        ]
    ],
    "train_map_per_epoch": [
        [
            0.6897541933052613,
            0.758369196565462,
            0.8209017711230344
        ]
    ],
    "val_map_per_epoch": [
        [
            0.6367415095787199,
            0.647221372108197,
            0.6591952708010453
        ]
    ]
}