{
    "iteration": [
        0
    ],
    "train_size": [
        2010
    ],
    "mean_ap": [
        0.6456001468157047
    ],
    "ap_per_class": [
        {
            "book": 0.2543581415696699,
            "bird": 0.6461598925753849,
            "stop sign": 0.8650921617035532,
            "zebra": 0.8167903914142106
        }
    ],
    "feedback_method": "iou_threshold_0.6",
    "train_loss_per_epoch": [
        [
            0.5973897403597239,
            0.4753743621247325,
            0.42638470388170496
        ]
    ],
    "val_loss_per_epoch": [
        [
            0.5497112199664116,
            0.5567444083946091,
            0.5387183486350945
        ]
    ],
    "train_map_per_epoch": [
        [
            0.701071426137497,
            0.7349923757234277,
            0.791338553494042
        ]
    ],
    "val_map_per_epoch": [
        [
            0.6356560517258056,
            0.6345218620515776,
            0.6421522748564146
        ]
    ]
}