{
    "iteration": [
        0,
        1,
        2
    ],
    "train_size": [
        2010,
        2173,
        2226
    ],
    "mean_ap": [
        0.6456001468157047,
        0.6436558248282409,
        0.6157356460823507
    ],
    "ap_per_class": [
        {
            "book": 0.2543581415696699,
            "bird": 0.6461598925753849,
            "stop sign": 0.8650921617035532,
            "zebra": 0.8167903914142106
        },
        {
            "book": 0.26850418356572486,
            "bird": 0.5902976442862469,
            "stop sign": 0.8871321914800175,
            "zebra": 0.8286892799809741
        },
        {
            "book": 0.2297103221654379,
            "bird": 0.5709120024210738,
            "stop sign": 0.8466481553897474,
            "zebra": 0.8156721043531437
        }
    ],
    "feedback_method": "iou_threshold_0.6",
    "train_loss_per_epoch": [
        [
            0.5973897403597239,
            0.4753743621247325,
            0.42638470388170496
        ],
        [
            0.38174589090014993,
            0.36245661202163576,
            0.32736637139660346
        ],
        [
            0.3354533594252286,
            0.32535440563780704,
            0.2950488208773858
        ]
    ],
    "val_loss_per_epoch": [
        [
            0.5497112199664116,
            0.5567444083946091,
            0.5387183486350945
        ],
        [
            0.5885223983653954,
            0.5502596144697496,
            0.5751156823975699
        ],
        [
            0.5886842183236565,
            0.5534210000187159,
            0.573310665626611
        ]
    ],
    "train_map_per_epoch": [
        [
            0.701071426137497,
            0.7349923757234277,
            0.791338553494042
        ],
        [
            0.7678461431722923,
            0.8282536176035589,
            0.8463524810400129
        ],
        [
            0.8324354206472261,
            0.862228027606906,
            0.8609095792668153
        ]
    ],
    "val_map_per_epoch": [
        [
            0.6356560517258056,
            0.6345218620515776,
            0.6421522748564146
        ],
        [
            0.6151532978005255,
            0.6572150951827231,
            0.6438415398301337
        ],
        [
            0.6587021726372306,
            0.6495491330625671,
            0.6145773547178888
        ]
    ]
}