{
    "iteration": [
        1,
        2,
        3,
        4,
        5,
        6
    ],
    "train_size": [
        60,
        136,
        172,
        182,
        187,
        195
    ],
    "mean_ap": [
        0.19943395641151732,
        0.26351980828421584,
        0.27940069143002866,
        0.2546249826035772,
        0.247673806682864,
        0.2724659040785029
    ],
    "ap_per_class": [
        [
            1.0,
            2.0,
            3.0,
            4.0
        ],
        [
            1.0,
            2.0,
            3.0,
            4.0
        ],
        [
            1.0,
            2.0,
            3.0,
            4.0
        ],
        [
            1.0,
            2.0,
            3.0,
            4.0
        ],
        [
            1.0,
            2.0,
            3.0,
            4.0
        ],
        [
            1.0,
            2.0,
            3.0,
            4.0
        ]
    ]
}