{
    "iteration": [
        1,
        2,
        3
    ],
    "train_size": [
        60,
        136,
        172
    ],
    "mean_ap": [
        0.19943395641151732,
        0.26351980828421584,
        0.27940069143002866
    ],
    "ap_per_class": [
        [
            1.0,
            2.0,
            3.0,
            4.0
        ],
        [
            1.0,
            2.0,
            3.0,
            4.0
        ],
        [
            1.0,
            2.0,
            3.0,
            4.0
        ]
    ]
}