{
    "train": {
        "total_images": 2792,
        "total_instances": 7112,
        "avg_instances_per_image": 2.5472779369627507,
        "instances_per_class": {
            "84": 2632,
            "16": 1743,
            "13": 771,
            "24": 1966
        },
        "avg_instances_per_class": {
            "84": 3.728045325779037,
            "16": 2.3975240715268225,
            "13": 1.0998573466476462,
            "24": 2.769014084507042
        },
        "images_with_class": {
            "84": 706,
            "16": 727,
            "13": 701,
            "24": 710
        },
        "avg_mask_area_ratio": 0.11036755919744158,
        "avg_mask_area_ratio_per_class": {
            "84": 0.054875596517606956,
            "16": 0.07686731485893675,
            "13": 0.09421177390074002,
            "24": 0.2077169897619163
        }
    },
    "val": {
        "total_images": 260,
        "total_instances": 726,
        "avg_instances_per_image": 2.792307692307692,
        "instances_per_class": {
            "84": 280,
            "16": 169,
            "13": 53,
            "24": 224
        },
        "avg_instances_per_class": {
            "84": 4.0,
            "16": 2.380281690140845,
            "13": 1.06,
            "24": 3.2
        },
        "images_with_class": {
            "84": 70,
            "16": 71,
            "13": 50,
            "24": 70
        },
        "avg_mask_area_ratio": 0.12475171484924641,
        "avg_mask_area_ratio_per_class": {
            "84": 0.0587097596629833,
            "16": 0.06782705860228314,
            "13": 0.12065502088675695,
            "24": 0.24967557827564701
        }
    },
    "class_names": {
        "84": "book",
        "16": "bird",
        "13": "stop sign",
        "24": "zebra"
    }
}