{
    "train_proportion": [
        0.2,
        0.4,
        0.6,
        0.8
    ],
    "train_size": [
        502,
        1005,
        1507,
        2010
    ],
    "mean_ap": [
        0.6364396359804542,
        0.6324753323064404,
        0.6303231328070158,
        0.6114549472039679
    ],
    "ap_per_class": [
        {
            "book": 0.22522356040418104,
            "bird": 0.6043497921726633,
            "stop sign": 0.8852585714004062,
            "zebra": 0.8309266199445662
        },
        {
            "book": 0.20239010513353342,
            "bird": 0.6226647838397116,
            "stop sign": 0.8712104245138961,
            "zebra": 0.8336360157386205
        },
        {
            "book": 0.19746320509517504,
            "bird": 0.6197292481926696,
            "stop sign": 0.8758711737435142,
            "zebra": 0.8282289041967044
        },
        {
            "book": 0.2280414710821866,
            "bird": 0.5498471845361798,
            "stop sign": 0.8771175913373457,
            "zebra": 0.7908135418601592
        }
    ],
    "train_loss": [
        [
            0.765317015854486,
            0.5153532070645773,
            0.4492585268984753
        ],
        [
            0.6489523328677798,
            0.47766844988994994,
            0.4101474635584454
        ],
        [
            0.6177147402371272,
            0.4707851913765033,
            0.42989559451844395
        ],
        [
            0.5991633697009798,
            0.4801836382690354,
            0.4249973685438953
        ]
    ],
    "val_loss": [
        [
            0.6075472586921283,
            0.5694119263972555,
            0.5342402569417443
        ],
        [
            0.5431316725377525,
            0.5649324840200799,
            0.5240220612181085
        ],
        [
            0.5315415256789753,
            0.512907110686813,
            0.5038278344486441
        ],
        [
            0.5343533495707171,
            0.5212996874004603,
            0.5252755345510585
        ]
    ]
}