{
    "iteration": [
        1
    ],
    "train_size": [
        2010
    ],
    "mean_ap": [
        0.6475844540391729
    ],
    "ap_per_class": [
        {
            "book": 0.2326725803154436,
            "bird": 0.6370763214571527,
            "stop sign": 0.8840609484677282,
            "zebra": 0.8365279659163672
        }
    ],
    "feedback_method": "vlm",
    "train_loss_per_epoch": [
        [
            0.6000987853947564,
            0.486382045748815,
            0.4309186107038859
        ]
    ],
    "val_loss_per_epoch": [
        [
            0.5312242380742516,
            0.5206605919769832,
            0.5311435303517751
        ]
    ],
    "train_map_per_epoch": [
        [
            0.6913641527815599,
            0.7408492652138086,
            0.787226038591518
        ]
    ],
    "val_map_per_epoch": [
        [
            0.600130686146404,
            0.6157620585766721,
            0.6286469569886326
        ]
    ]
}