{
    "iteration": [
        1,
        2,
        3
    ],
    "train_size": [
        2010,
        2157,
        2218
    ],
    "mean_ap": [
        0.6475844540391729,
        0.6309781781157008,
        0.6461817632249117
    ],
    "ap_per_class": [
        {
            "book": 0.2326725803154436,
            "bird": 0.6370763214571527,
            "stop sign": 0.8840609484677282,
            "zebra": 0.8365279659163672
        },
        {
            "book": 0.23106949531412949,
            "bird": 0.5995965018455869,
            "stop sign": 0.8752281210752972,
            "zebra": 0.8180185942277897
        },
        {
            "book": 0.2247736428237534,
            "bird": 0.6606973613500173,
            "stop sign": 0.8554849405913236,
            "zebra": 0.8437711081345525
        }
    ],
    "feedback_method": "vlm",
    "train_loss_per_epoch": [
        [
            0.6000987853947564,
            0.486382045748815,
            0.4309186107038859
        ],
        [
            0.6333510052202144,
            0.48089356848191506,
            0.4401030523065509
        ],
        [
            0.5843909306433203,
            0.4757769815522986,
            0.42435653998144474
        ]
    ],
    "val_loss_per_epoch": [
        [
            0.5312242380742516,
            0.5206605919769832,
            0.5311435303517751
        ],
        [
            0.5361091015594346,
            0.510386956270252,
            0.5086599535175732
        ],
        [
            0.5286060560494661,
            0.5207216097840242,
            0.4999902349497591
        ]
    ],
    "train_map_per_epoch": [
        [
            0.6913641527815599,
            0.7408492652138086,
            0.787226038591518
        ],
        [
            0.6931321936888521,
            0.7461432635470036,
            0.7699330606739473
        ],
        [
            0.7061147451911889,
            0.7445132143801334,
            0.7918923957659909
        ]
    ],
    "val_map_per_epoch": [
        [
            0.600130686146404,
            0.6157620585766721,
            0.6286469569886326
        ],
        [
            0.6281815887653859,
            0.6326863970729627,
            0.6285524430655685
        ],
        [
            0.6017204555217615,
            0.6276723555758928,
            0.6493457778958291
        ]
    ]
}