{
    "iteration": [
        1
    ],
    "train_size": [
        502
    ],
    "mean_ap": [
        0.5579450344640731
    ],
    "ap_per_class": [
        {
            "book": 0.157112164924244,
            "bird": 0.5749389359315312,
            "stop sign": 0.7907431009035288,
            "zebra": 0.708985936096988
        }
    ],
    "feedback_method": "vlm",
    "train_loss_per_epoch": [
        [
            0.7541998957851493,
            0.5066576873163778,
            0.42474608960379645
        ]
    ],
    "val_loss_per_epoch": [
        [
            0.7033685805542128,
            0.6255242406789746,
            0.632175347368632
        ]
    ],
    "train_map_per_epoch": [
        [
            0.6142987689002666,
            0.7382922074423952,
            0.7957508915846081
        ]
    ],
    "val_map_per_epoch": [
        [
            0.5402548852350488,
            0.605491720947388,
            0.5934842131871114
        ]
    ]
}