{
    "iteration": [
        1,
        2
    ],
    "train_size": [
        502,
        903
    ],
    "mean_ap": [
        0.5579450344640731,
        0.6380912872104921
    ],
    "ap_per_class": [
        {
            "book": 0.157112164924244,
            "bird": 0.5749389359315312,
            "stop sign": 0.7907431009035288,
            "zebra": 0.708985936096988
        },
        {
            "book": 0.18430139769776815,
            "bird": 0.6606045164465747,
            "stop sign": 0.8640145999205704,
            "zebra": 0.8434446347770552
        }
    ],
    "feedback_method": "vlm",
    "train_loss_per_epoch": [
        [
            0.7541998957851493,
            0.5066576873163778,
            0.42474608960379645
        ],
        [
            0.6278895516014469,
            0.4602354428013869,
            0.3876288321231846
        ]
    ],
    "val_loss_per_epoch": [
        [
            0.7033685805542128,
            0.6255242406789746,
            0.632175347368632
        ],
        [
            0.6312654579324382,
            0.5825704892831189,
            0.5713784778756755
        ]
    ],
    "train_map_per_epoch": [
        [
            0.6142987689002666,
            0.7382922074423952,
            0.7957508915846081
        ],
        [
            0.6745553711396363,
            0.7767809668950325,
            0.7897714154944715
        ]
    ],
    "val_map_per_epoch": [
        [
            0.5402548852350488,
            0.605491720947388,
            0.5934842131871114
        ],
        [
            0.5798053721847997,
            0.6394253784032664,
            0.6509624107935332
        ]
    ]
}