{
    "iteration": [],
    "train_size": [],
    "mean_ap": [0.6554],
    "ap_per_class": [],
    "feedback_method": "iou_threshold_0.6",
    "train_loss_per_epoch": [
        [
            0.6066587916267895,
            0.48028515303002145,
            0.43584908075577317
        ]
    ],
    "val_loss_per_epoch": [
        [
            0.5026175167411566,
            0.5092890375959022,
            0.500730084787522
        ]
    ],
    "train_map_per_epoch": [
        [
            0.7041726868484613,
            0.7553052276825647,
            0.7812558046638431
        ]
    ],
    "val_map_per_epoch": [
        [
            0.6604158287055002,
            0.669965510614024,
            0.6635660305362849
        ]
    ]
}
