{
    "iteration": [
        1,
        2
    ],
    "train_size": [
        558,
        2201
    ],
    "mean_ap": [
        0.5204219681408535,
        0.5323045865052323
    ],
    "ap_per_class": [
        [
            1.0,
            2.0,
            3.0,
            4.0
        ],
        [
            1.0,
            2.0,
            3.0,
            4.0
        ]
    ],
    "feedback_method": "vlm"
}