{
    "iteration": [
        1,
        2,
        3
    ],
    "train_size": [
        558,
        2201,
        2276
    ],
    "mean_ap": [
        0.5204219681408535,
        0.5323045865052323,
        0.5386819404703598
    ],
    "ap_per_class": [
        [
            1.0,
            2.0,
            3.0,
            4.0
        ],
        [
            1.0,
            2.0,
            3.0,
            4.0
        ],
        [
            1.0,
            2.0,
            3.0,
            4.0
        ]
    ],
    "feedback_method": "vlm"
}