{
    "iteration": [
        0,
        1
    ],
    "train_size": [
        2010,
        2236
    ],
    "mean_ap": [
        0.6769269620713144,
        0.6498069538958675
    ],
    "ap_per_class": [
        {
            "book": 0.24650864561516805,
            "bird": 0.6541072874087626,
            "stop sign": 0.9410299806576403,
            "zebra": 0.8660619346036866
        },
        {
            "book": 0.2378719185665683,
            "bird": 0.6415514857743728,
            "stop sign": 0.8709705753184014,
            "zebra": 0.8488338359241274
        }
    ],
    "feedback_method": "iou_threshold_0.6",
    "train_loss_per_epoch": [
        [
            0.6074682767340793,
            0.48753774335876626,
            0.44037040093200125
        ],
        [
            0.42356051948447987,
            0.3832973393083472,
            0.3505045579803011
        ]
    ],
    "val_loss_per_epoch": [
        [
            0.528042071685195,
            0.4718622972922666,
            0.5044241977589471
        ],
        [
            0.4815030653561865,
            0.4722281524645431,
            0.4881672257291419
        ]
    ],
    "train_map_per_epoch": [
        [
            0.6950922785110105,
            0.7712657440615494,
            0.7585090610208964
        ],
        [
            0.7894789428620594,
            0.8258143907238809,
            0.8344771162062212
        ]
    ],
    "val_map_per_epoch": [
        [
            0.6561708846734956,
            0.6919978891829675,
            0.6567571270343838
        ],
        [
            0.670634228661985,
            0.6949881205112276,
            0.6631353944180101
        ]
    ]
}