{
    "iteration": [
        0,
        1,
        2
    ],
    "train_size": [
        2010,
        2236,
        2265
    ],
    "mean_ap": [
        0.6769269620713144,
        0.6498069538958675,
        0.6718344483030592
    ],
    "ap_per_class": [
        {
            "book": 0.24650864561516805,
            "bird": 0.6541072874087626,
            "stop sign": 0.9410299806576403,
            "zebra": 0.8660619346036866
        },
        {
            "book": 0.2378719185665683,
            "bird": 0.6415514857743728,
            "stop sign": 0.8709705753184014,
            "zebra": 0.8488338359241274
        },
        {
            "book": 0.26422555758210986,
            "bird": 0.6340599330869049,
            "stop sign": 0.9527374586198116,
            "zebra": 0.83631484392341
        }
    ],
    "feedback_method": "iou_threshold_0.6",
    "train_loss_per_epoch": [
        [
            0.6074682767340793,
            0.48753774335876626,
            0.44037040093200125
        ],
        [
            0.42356051948447987,
            0.3832973393083472,
            0.3505045579803011
        ],
        [
            0.34793312391241565,
            0.3332192456022576,
            0.31498295525442366
        ]
    ],
    "val_loss_per_epoch": [
        [
            0.528042071685195,
            0.4718622972922666,
            0.5044241977589471
        ],
        [
            0.4815030653561865,
            0.4722281524645431,
            0.4881672257291419
        ],
        [
            0.49219242068273683,
            0.5114605619971241,
            0.5082023240093674
        ]
    ],
    "train_map_per_epoch": [
        [
            0.6950922785110105,
            0.7712657440615494,
            0.7585090610208964
        ],
        [
            0.7894789428620594,
            0.8258143907238809,
            0.8344771162062212
        ],
        [
            0.8388450344037748,
            0.8392930733404067,
            0.8555695364043178
        ]
    ],
    "val_map_per_epoch": [
        [
            0.6561708846734956,
            0.6919978891829675,
            0.6567571270343838
        ],
        [
            0.670634228661985,
            0.6949881205112276,
            0.6631353944180101
        ],
        [
            0.6770485787031219,
            0.672139650817053,
            0.6504443911541506
        ]
    ]
}