{
    "iteration": [
        0
    ],
    "train_size": [
        2010
    ],
    "mean_ap": [
        0.6769269620713144
    ],
    "ap_per_class": [
        {
            "book": 0.24650864561516805,
            "bird": 0.6541072874087626,
            "stop sign": 0.9410299806576403,
            "zebra": 0.8660619346036866
        }
    ],
    "feedback_method": "iou_threshold_0.6",
    "train_loss_per_epoch": [
        [
            0.6074682767340793,
            0.48753774335876626,
            0.44037040093200125
        ]
    ],
    "val_loss_per_epoch": [
        [
            0.528042071685195,
            0.4718622972922666,
            0.5044241977589471
        ]
    ],
    "train_map_per_epoch": [
        [
            0.6950922785110105,
            0.7712657440615494,
            0.7585090610208964
        ]
    ],
    "val_map_per_epoch": [
        [
            0.6561708846734956,
            0.6919978891829675,
            0.6567571270343838
        ]
    ]
}