{
    "proportion_0.20": {
        "iteration": [
            1,
            2
        ],
        "train_size": [
            502,
            903
        ],
        "mean_ap": [
            0.5579450344640731,
            0.6380912872104921
        ],
        "ap_per_class": [
            {
                "book": 0.157112164924244,
                "bird": 0.5749389359315312,
                "stop sign": 0.7907431009035288,
                "zebra": 0.708985936096988
            },
            {
                "book": 0.18430139769776815,
                "bird": 0.6606045164465747,
                "stop sign": 0.8640145999205704,
                "zebra": 0.8434446347770552
            }
        ],
        "feedback_method": "vlm",
        "train_loss_per_epoch": [
            [
                0.7541998957851493,
                0.5066576873163778,
                0.42474608960379645
            ],
            [
                0.6278895516014469,
                0.4602354428013869,
                0.3876288321231846
            ]
        ],
        "val_loss_per_epoch": [
            [
                0.7033685805542128,
                0.6255242406789746,
                0.632175347368632
            ],
            [
                0.6312654579324382,
                0.5825704892831189,
                0.5713784778756755
            ]
        ],
        "train_map_per_epoch": [
            [
                0.6142987689002666,
                0.7382922074423952,
                0.7957508915846081
            ],
            [
                0.6745553711396363,
                0.7767809668950325,
                0.7897714154944715
            ]
        ],
        "val_map_per_epoch": [
            [
                0.5402548852350488,
                0.605491720947388,
                0.5934842131871114
            ],
            [
                0.5798053721847997,
                0.6394253784032664,
                0.6509624107935332
            ]
        ]
    },
    "proportion_0.40": {
        "iteration": [
            1,
            2
        ],
        "train_size": [
            1005,
            1423
        ],
        "mean_ap": [
            0.6165674454836791,
            0.6393194794847035
        ],
        "ap_per_class": [
            {
                "book": 0.20505142729311807,
                "bird": 0.5867225266877044,
                "stop sign": 0.8551583312750937,
                "zebra": 0.8193374966788001
            },
            {
                "book": 0.24265889254441775,
                "bird": 0.6488111610471043,
                "stop sign": 0.8835858084869943,
                "zebra": 0.7822220558602977
            }
        ],
        "feedback_method": "vlm",
        "train_loss_per_epoch": [
            [
                0.7001569129630301,
                0.5175138174983901,
                0.447214454190276
            ],
            [
                0.5709220306696684,
                0.4537380633017655,
                0.40228363495906083
            ]
        ],
        "val_loss_per_epoch": [
            [
                0.6003569347517831,
                0.545436040471707,
                0.5692012315349919
            ],
            [
                0.5645710854125875,
                0.5809757188494716,
                0.5288909099463905
            ]
        ],
        "train_map_per_epoch": [
            [
                0.6378864592582743,
                0.7646604380755944,
                0.8046957473087896
            ],
            [
                0.690018152398311,
                0.7433079374993642,
                0.8049164481014502
            ]
        ],
        "val_map_per_epoch": [
            [
                0.5634439485064096,
                0.6130898601311013,
                0.6217849412627774
            ],
            [
                0.6091253701562135,
                0.6152937174771264,
                0.6470834240020679
            ]
        ]
    },
    "proportion_0.60": {
        "iteration": [
            1,
            2
        ],
        "train_size": [
            1507,
            1800
        ],
        "mean_ap": [
            0.6495800522934566,
            0.6410102151289523
        ],
        "ap_per_class": [
            {
                "book": 0.2647474052988787,
                "bird": 0.6486558017808018,
                "stop sign": 0.8691964675090131,
                "zebra": 0.8157205345851327
            },
            {
                "book": 0.2305407649695925,
                "bird": 0.6288701519859998,
                "stop sign": 0.8890226374416099,
                "zebra": 0.8156073061186067
            }
        ],
        "feedback_method": "vlm",
        "train_loss_per_epoch": [
            [
                0.6587551905123877,
                0.5120585770086837,
                0.4471766544748048
            ],
            [
                0.6245812681814035,
                0.47877558549245197,
                0.4333971262226502
            ]
        ],
        "val_loss_per_epoch": [
            [
                0.5240710850272859,
                0.48115188447492463,
                0.470602808413761
            ],
            [
                0.47963665149041584,
                0.47034493892320567,
                0.4617557783211981
            ]
        ],
        "train_map_per_epoch": [
            [
                0.6647065901007931,
                0.7654084698146726,
                0.7942123521439659
            ],
            [
                0.687832665802023,
                0.7288326987901494,
                0.7862028288519955
            ]
        ],
        "val_map_per_epoch": [
            [
                0.6383987207038647,
                0.6660675677349671,
                0.6731520932801901
            ],
            [
                0.6427225122377765,
                0.6659852663714988,
                0.6547448094119304
            ]
        ]
    },
    "proportion_0.80": {
        "iteration": [
            1,
            2
        ],
        "train_size": [
            2010,
            2209
        ],
        "mean_ap": [
            0.6562405617981664,
            0.6439567613135838
        ],
        "ap_per_class": [
            {
                "book": 0.2694185096674055,
                "bird": 0.637749814672277,
                "stop sign": 0.8835090030742204,
                "zebra": 0.8342849197787628
            },
            {
                "book": 0.2317466726069713,
                "bird": 0.6424328543539167,
                "stop sign": 0.8826708938691021,
                "zebra": 0.818976624424345
            }
        ],
        "feedback_method": "vlm",
        "train_loss_per_epoch": [
            [
                0.6550767022875411,
                0.48754222517582907,
                0.4336166685345161
            ],
            [
                0.5729770073726167,
                0.46590781637985784,
                0.4224199916779725
            ]
        ],
        "val_loss_per_epoch": [
            [
                0.5220790837492262,
                0.5102942626391138,
                0.492731613399727
            ],
            [
                0.5074977426656655,
                0.518582360925419,
                0.5002300511513438
            ]
        ],
        "train_map_per_epoch": [
            [
                0.6793391995841372,
                0.7485510435626842,
                0.7949337327968913
            ],
            [
                0.6946910114568424,
                0.7452580278318284,
                0.7914974968721825
            ]
        ],