{
    "iteration": [
        1
    ],
    "train_size": [
        502
    ],
    "mean_ap": [
        0.6147337957465562
    ],
    "ap_per_class": [
        {
            "book": 0.1902905341536718,
            "bird": 0.6189631411067565,
            "stop sign": 0.8405268271305562,
            "zebra": 0.80915468059524
        }
    ],
    "feedback_method": "vlm",
    "train_loss_per_epoch": [
        [
            0.8232351447719027,
            0.5560234007963621,
            0.457804255870234
        ]
    ],
    "val_loss_per_epoch": [
        [
            0.590150301371302,
            0.5416655754404408,
            0.5378562189106431
        ]
    ],
    "train_map_per_epoch": [
        [
            0.6407491078650056,
            0.7384854792833144,
            0.8141403925961592
        ]
    ],
    "val_map_per_epoch": [
        [
            0.5963436020460788,
            0.640559376367318,
            0.6358309678698831
        ]
    ]
}