{
    "iteration": [
        1,
        2,
        3
    ],
    "train_size": [
        502,
        995,
        1195
    ],
    "mean_ap": [
        0.6147337957465562,
        0.6260715144066205,
        0.6282339312928651
    ],
    "ap_per_class": [
        {
            "book": 0.1902905341536718,
            "bird": 0.6189631411067565,
            "stop sign": 0.8405268271305562,
            "zebra": 0.80915468059524
        },
        {
            "book": 0.21361709722163025,
            "bird": 0.584188794695494,
            "stop sign": 0.8874014874014875,
            "zebra": 0.8190786783078702
        },
        {
            "book": 0.19156733756842803,
            "bird": 0.6139438563194506,
            "stop sign": 0.8751938360147317,
            "zebra": 0.8322306952688503
        }
    ],
    "feedback_method": "vlm",
    "train_loss_per_epoch": [
        [
            0.8232351447719027,
            0.5560234007963621,
            0.457804255870234
        ],
        [
            0.6106087481490818,
            0.4435271375090722,
            0.37625041207575416
        ],
        [
            0.6237377538579364,
            0.4568878009317312,
            0.401739333622332
        ]
    ],
    "val_loss_per_epoch": [
        [
            0.590150301371302,
            0.5416655754404408,
            0.5378562189106431
        ],
        [
            0.5381862643041782,
            0.5312093156789031,
            0.538669901607292
        ],
        [
            0.5497547268867493,
            0.5092990229172366,
            0.5262096578521388
        ]
    ],
    "train_map_per_epoch": [
        [
            0.6407491078650056,
            0.7384854792833144,
            0.8141403925961592
        ],
        [
            0.695985972049007,
            0.7523939808163889,
            0.8241447797055492
        ],
        [
            0.704637697098194,
            0.7583239412209867,
            0.7804977781802336
        ]
    ],
    "val_map_per_epoch": [
        [
            0.5963436020460788,
            0.640559376367318,
            0.6358309678698831
        ],
        [
            0.6270200763698927,
            0.6498238998335695,
            0.658564228519514
        ],
        [
            0.6365950489461292,
            0.6642549426306082,
            0.6487961021107829
        ]
    ]
}