{
    "iteration": [
        1,
        2
    ],
    "train_size": [
        558,
        1557
    ],
    "mean_ap": [
        0.519419508897781,
        0.4973683426248667
    ],
    "ap_per_class": [
        [
            1.0,
            2.0,
            3.0,
            4.0
        ],
        [
            1.0,
            2.0,
            3.0,
            4.0
        ]
    ],
    "feedback_method": "iou_threshold_0.6"
}