{
    "proportion_0.20": {
        "iteration": [
            1,
            2
        ],
        "train_size": [
            502,
            2162
        ],
        "mean_ap": [
            0.6678009742138682,
            0.685331699363106
        ],
        "ap_per_class": [
            {
                "book": 0.2458820601029642,
                "bird": 0.6736053668863302,
                "stop sign": 0.8888606105851348,
                "zebra": 0.8628558592810435
            },
            {
                "book": 0.31424425247626564,
                "bird": 0.6672413721169339,
                "stop sign": 0.8960063716008649,
                "zebra": 0.8638348012583593
            }
        ],
        "feedback_method": "vlm",
        "train_loss_per_epoch": [
            [
                0.7694172377860735,
                0.4397878891655377,
                0.3728802641705861,
                0.3342732982266517,
                0.3073184165571417,
                0.2932914626740274,
                0.28088710610828704
            ],
            [
                0.5298417766686949,
                0.38746553770991216,
                0.34647724507531485,
                0.3190330999478174,
                0.29982804519411815,
                0.2827195155119279,
                0.26833834260867395,
                0.2560218596855065
            ]
        ],
        "val_loss_per_epoch": [
            [
                0.49303157776594164,
                0.44706500619649886,
                0.4449679534350123,
                0.45010317627872737,
                0.45559406663690294,
                0.4724639153906277,
                0.46713158445698877
            ],
            [
                0.4214730573551995,
                0.4220019962106432,
                0.4123516359499523,
                0.4297375416117055,
                0.4406994651470866,
                0.45184454768896104,
                0.44615250368203435,
                0.4729924785239356
            ]
        ],
        "train_map_per_epoch": [
            [
                0.7765832394955039,
                0.8357355423611939,
                0.8541862841407147,
                0.8820592673682408,
                0.899691165787891,
                0.9019819048757398,
                0.9112847225026394
            ],
            [
                0.7914617803382469,
                0.8241268040437546,
                0.8448200377805468,
                0.8598412253722653,
                0.870728704150852,
                0.8781595655998133,
                0.8867987062713624,
                0.8898403436173339
            ]
        ],
        "val_map_per_epoch": [
            [
                0.7568539165985456,
                0.774027683333817,
                0.7718945344644695,
                0.7709483838469229,
                0.7726885990001151,
                0.7535399079253979,
                0.7596152686528453
            ],
            [
                0.7749025316701194,
                0.7839891828043183,
                0.7821540544763164,
                0.773113637776883,
                0.7383616915246538,
                0.7559224635237383,
                0.7620678318137605,
                0.7494751767992096
            ]
        ]
    },
    "proportion_0.40": {
        "iteration": [
            1,
            2
        ],
        "train_size": [
            1005,
            2153
        ],
        "mean_ap": [
            0.6649389059708322,
            0.6979185511409981
        ],
        "ap_per_class": [
            {
                "book": 0.28137495583203914,
                "bird": 0.649358312578542,
                "stop sign": 0.8894332939787487,
                "zebra": 0.8395890614939988
            },
            {
                "book": 0.3154546887061776,
                "bird": 0.6687477327181212,
                "stop sign": 0.9497974396370119,
                "zebra": 0.8576743435026817
            }
        ],
        "feedback_method": "vlm",
        "train_loss_per_epoch": [
            [
                0.6743344626138135,
                0.4361888908795894,
                0.37739017469778896,
                0.34596483778977205,
                0.3213880534269034,
                0.30030209405554664,
                0.2854700583136744
            ],
            [
                0.5594573988266469,
                0.4066680624721665,
                0.3600546524536853,
                0.33231904472402385,
                0.3116378444964014,
                0.2944598594241549,
                0.28051407325577427
            ]
        ],
        "val_loss_per_epoch": [
            [
                0.48283632227352685,
                0.46448979462896073,
                0.46531969585589,
                0.48051638986383166,
                0.4661128544381687,
                0.4703322544693947,
                0.4889529430440494
            ],
            [
                0.4537485156740461,
                0.42972241789102555,
                0.44388705704893383,
                0.45073564201593397,
                0.4795422398618289,
                0.47107936420610974,
                0.47973099989550455
            ]
        ],
        "train_map_per_epoch": [
            [
                0.7571890774474972,
                0.8104433828667796,
                0.8330135023824685,
                0.8515717589048823,
                0.8670818341368611,
                0.8743126876219133,
                0.8966361845162341
            ],
            [
                0.7901384145892785,
                0.8202097630961103,
                0.8447680028950708,
                0.8546382831684175,
                0.8610833296892384,
                0.8755463033991875,
                0.8843784598602171
            ]
        ],
        "val_map_per_epoch": [
            [
                0.7306448889899263,
                0.7717519084537818,
                0.7261523872923348,
                0.7632302456617157,
                0.7516437851979855,
                0.7479957376465824,
                0.7289017434454659
            ],
            [
                0.7773422885147421,
                0.7845230495049232,
                0.7679661864217686,
                0.7789220436072599,
                0.7587641913288055,
                0.7547968979540898,
                0.7557885278015588
            ]
        ]
    },
    "proportion_0.60": {
        "iteration": [
            1,
            2
        ],
        "train_size": [
            1507,
            2283
        ],
        "mean_ap": [
            0.6741969071699532,
            0.6645109587809084
        ],
        "ap_per_class": [
            {
                "book": 0.2965610338542735,
                "bird": 0.6781408797966123,
                "stop sign": 0.8927456382001837,
                "zebra": 0.8293400768287431
            },
            {
                "book": 0.2925486109509531,
                "bird": 0.678584942256716,
                "stop sign": 0.890909090909091,
                "zebra": 0.7960011910068734
            }
        ],
        "feedback_method": "vlm",
        "train_loss_per_epoch": [
            [
                0.5821684763349336,
                0.40883026730555755,
                0.357829765987333,
                0.328391127663835,
                0.3034563674060356,
                0.28945478338461655,
                0.2730032975738498
            ],
            [
                0.5668337357910628,
                0.40413590649798536,
                0.35956236147264675,
                0.3305500610331938,
                0.30815174401902484,
                0.29058146237961674,
                0.2748923373592923
            ]
        ],