{
    "iteration": [
        1,
        2,
        3
    ],
    "train_size": [
        1507,
        1865,
        2071
    ],
    "mean_ap": [
        0.6377884121145463,
        0.657093701018237,
        0.6418135659280777
    ],
    "ap_per_class": [
        {
            "book": 0.22417030863149026,
            "bird": 0.5958463766713583,
            "stop sign": 0.911438151691355,
            "zebra": 0.8196988114639816
        },
        {
            "book": 0.24248581840315747,
            "bird": 0.6580303336132924,
            "stop sign": 0.9138675690197939,
            "zebra": 0.8139910830367042
        },
        {
            "book": 0.23486257546750572,
            "bird": 0.6067643791845955,
            "stop sign": 0.916479824148218,
            "zebra": 0.8091474849119916
        }
    ],
    "feedback_method": "vlm",
    "train_loss_per_epoch": [
        [
            0.6525909036141018,
            0.505963443691993,
            0.44422596182170215
        ],
        [
            0.6082369639335593,
            0.4669353943098524,
            0.4208578790626853
        ],
        [
            0.5754700145076486,
            0.4508077692182943,
            0.408209457979124
        ]
    ],
    "val_loss_per_epoch": [
        [
            0.5661929094365665,
            0.5490283110844237,
            0.5086946194193193
        ],
        [
            0.5252430731696742,
            0.573606530417289,
            0.5604682222008706
        ],
        [
            0.5120706512459687,
            0.5498842420854739,
            0.5028411602867501
        ]
    ],
    "train_map_per_epoch": [
        [
            0.6881358092972981,
            0.7573727485701656,
            0.7935948802353
        ],
        [
            0.7342571630536616,
            0.7159936746564821,
            0.7839300768757459
        ],
        [
            0.7106054077371482,
            0.7310038446592321,
            0.7991823690136239
        ]
    ],
    "val_map_per_epoch": [
        [
            0.6298682030480367,
            0.6361324758816748,
            0.6555986937926519
        ],
        [
            0.6525789990171422,
            0.600574915083233,
            0.6186020274120876
        ],
        [
            0.6532082138626469,
            0.6311303125062098,
            0.6641993947234339
        ]
    ]
}