{
    "iteration": [
        1,
        2
    ],
    "train_size": [
        1507,
        1865
    ],
    "mean_ap": [
        0.6377884121145463,
        0.657093701018237
    ],
    "ap_per_class": [
        {
            "book": 0.22417030863149026,
            "bird": 0.5958463766713583,
            "stop sign": 0.911438151691355,
            "zebra": 0.8196988114639816
        },
        {
            "book": 0.24248581840315747,
            "bird": 0.6580303336132924,
            "stop sign": 0.9138675690197939,
            "zebra": 0.8139910830367042
        }
    ],
    "feedback_method": "vlm",
    "train_loss_per_epoch": [
        [
            0.6525909036141018,
            0.505963443691993,
            0.44422596182170215
        ],
        [
            0.6082369639335593,
            0.4669353943098524,
            0.4208578790626853
        ]
    ],
    "val_loss_per_epoch": [
        [
            0.5661929094365665,
            0.5490283110844237,
            0.5086946194193193
        ],
        [
            0.5252430731696742,
            0.573606530417289,
            0.5604682222008706
        ]
    ],
    "train_map_per_epoch": [
        [
            0.6881358092972981,
            0.7573727485701656,
            0.7935948802353
        ],
        [
            0.7342571630536616,
            0.7159936746564821,
            0.7839300768757459
        ]
    ],
    "val_map_per_epoch": [
        [
            0.6298682030480367,
            0.6361324758816748,
            0.6555986937926519
        ],
        [
            0.6525789990171422,
            0.600574915083233,
            0.6186020274120876
        ]
    ]
}