{
    "iteration": [
        1
    ],
    "train_size": [
        1507
    ],
    "mean_ap": [
        0.6377884121145463
    ],
    "ap_per_class": [
        {
            "book": 0.22417030863149026,
            "bird": 0.5958463766713583,
            "stop sign": 0.911438151691355,
            "zebra": 0.8196988114639816
        }
    ],
    "feedback_method": "vlm",
    "train_loss_per_epoch": [
        [
            0.6525909036141018,
            0.505963443691993,
            0.44422596182170215
        ]
    ],
    "val_loss_per_epoch": [
        [
            0.5661929094365665,
            0.5490283110844237,
            0.5086946194193193
        ]
    ],
    "train_map_per_epoch": [
        [
            0.6881358092972981,
            0.7573727485701656,
            0.7935948802353
        ]
    ],
    "val_map_per_epoch": [
        [
            0.6298682030480367,
            0.6361324758816748,
            0.6555986937926519
        ]
    ]
}