{
    "iteration": [
        1
    ],
    "train_size": [
        1005
    ],
    "mean_ap": [
        0.6649389059708322
    ],
    "ap_per_class": [
        {
            "book": 0.28137495583203914,
            "bird": 0.649358312578542,
            "stop sign": 0.8894332939787487,
            "zebra": 0.8395890614939988
        }
    ],
    "feedback_method": "vlm",
    "train_loss_per_epoch": [
        [
            0.6743344626138135,
            0.4361888908795894,
            0.37739017469778896,
            0.34596483778977205,
            0.3213880534269034,
            0.30030209405554664,
            0.2854700583136744
        ]
    ],
    "val_loss_per_epoch": [
        [
            0.48283632227352685,
            0.46448979462896073,
            0.46531969585589,
            0.48051638986383166,
            0.4661128544381687,
            0.4703322544693947,
            0.4889529430440494
        ]
    ],
    "train_map_per_epoch": [
        [
            0.7571890774474972,
            0.8104433828667796,
            0.8330135023824685,
            0.8515717589048823,
            0.8670818341368611,
            0.8743126876219133,
            0.8966361845162341
        ]
    ],
    "val_map_per_epoch": [
        [
            0.7306448889899263,
            0.7717519084537818,
            0.7261523872923348,
            0.7632302456617157,
            0.7516437851979855,
            0.7479957376465824,
            0.7289017434454659
        ]
    ]
}