{
    "iteration": [
        1,
        2
    ],
    "train_size": [
        1005,
        2153
    ],
    "mean_ap": [
        0.6649389059708322,
        0.6979185511409981
    ],
    "ap_per_class": [
        {
            "book": 0.28137495583203914,
            "bird": 0.649358312578542,
            "stop sign": 0.8894332939787487,
            "zebra": 0.8395890614939988
        },
        {
            "book": 0.3154546887061776,
            "bird": 0.6687477327181212,
            "stop sign": 0.9497974396370119,
            "zebra": 0.8576743435026817
        }
    ],
    "feedback_method": "vlm",
    "train_loss_per_epoch": [
        [
            0.6743344626138135,
            0.4361888908795894,
            0.37739017469778896,
            0.34596483778977205,
            0.3213880534269034,
            0.30030209405554664,
            0.2854700583136744
        ],
        [
            0.5594573988266469,
            0.4066680624721665,
            0.3600546524536853,
            0.33231904472402385,
            0.3116378444964014,
            0.2944598594241549,
            0.28051407325577427
        ]
    ],
    "val_loss_per_epoch": [
        [
            0.48283632227352685,
            0.46448979462896073,
            0.46531969585589,
            0.48051638986383166,
            0.4661128544381687,
            0.4703322544693947,
            0.4889529430440494
        ],
        [
            0.4537485156740461,
            0.42972241789102555,
            0.44388705704893383,
            0.45073564201593397,
            0.4795422398618289,
            0.47107936420610974,
            0.47973099989550455
        ]
    ],
    "train_map_per_epoch": [
        [
            0.7571890774474972,
            0.8104433828667796,
            0.8330135023824685,
            0.8515717589048823,
            0.8670818341368611,
            0.8743126876219133,
            0.8966361845162341
        ],
        [
            0.7901384145892785,
            0.8202097630961103,
            0.8447680028950708,
            0.8546382831684175,
            0.8610833296892384,
            0.8755463033991875,
            0.8843784598602171
        ]
    ],
    "val_map_per_epoch": [
        [
            0.7306448889899263,
            0.7717519084537818,
            0.7261523872923348,
            0.7632302456617157,
            0.7516437851979855,
            0.7479957376465824,
            0.7289017434454659
        ],
        [
            0.7773422885147421,
            0.7845230495049232,
            0.7679661864217686,
            0.7789220436072599,
            0.7587641913288055,
            0.7547968979540898,
            0.7557885278015588
        ]
    ]
}