{
    "iteration": [
        1,
        2
    ],
    "train_size": [
        2010,
        2209
    ],
    "mean_ap": [
        0.6562405617981664,
        0.6439567613135838
    ],
    "ap_per_class": [
        {
            "book": 0.2694185096674055,
            "bird": 0.637749814672277,
            "stop sign": 0.8835090030742204,
            "zebra": 0.8342849197787628
        },
        {
            "book": 0.2317466726069713,
            "bird": 0.6424328543539167,
            "stop sign": 0.8826708938691021,
            "zebra": 0.818976624424345
        }
    ],
    "feedback_method": "vlm",
    "train_loss_per_epoch": [
        [
            0.6550767022875411,
            0.48754222517582907,
            0.4336166685345161
        ],
        [
            0.5729770073726167,
            0.46590781637985784,
            0.4224199916779725
        ]
    ],
    "val_loss_per_epoch": [
        [
            0.5220790837492262,
            0.5102942626391138,
            0.492731613399727
        ],
        [
            0.5074977426656655,
            0.518582360925419,
            0.5002300511513438
        ]
    ],
    "train_map_per_epoch": [
        [
            0.6793391995841372,
            0.7485510435626842,
            0.7949337327968913
        ],
        [
            0.6946910114568424,
            0.7452580278318284,
            0.7914974968721825
        ]
    ],
    "val_map_per_epoch": [
        [
            0.6528888247792075,
            0.6666984005233627,
            0.677795941515106
        ],
        [
            0.6548592301119434,
            0.653697828745237,
            0.6751952021749388
        ]
    ]
}