{
    "iteration": [
        1
    ],
    "train_size": [
        2010
    ],
    "mean_ap": [
        0.6562405617981664
    ],
    "ap_per_class": [
        {
            "book": 0.2694185096674055,
            "bird": 0.637749814672277,
            "stop sign": 0.8835090030742204,
            "zebra": 0.8342849197787628
        }
    ],
    "feedback_method": "vlm",
    "train_loss_per_epoch": [
        [
            0.6550767022875411,
            0.48754222517582907,
            0.4336166685345161
        ]
    ],
    "val_loss_per_epoch": [
        [
            0.5220790837492262,
            0.5102942626391138,
            0.492731613399727
        ]
    ],
    "train_map_per_epoch": [
        [
            0.6793391995841372,
            0.7485510435626842,
            0.7949337327968913
        ]
    ],
    "val_map_per_epoch": [
        [
            0.6528888247792075,
            0.6666984005233627,
            0.677795941515106
        ]
    ]
}