{
    "iteration": [
        1,
        2,
        3
    ],
    "train_size": [
        1005,
        1621,
        1774
    ],
    "mean_ap": [
        0.6476660691925704,
        0.6438158549966829,
        0.638982337823789
    ],
    "ap_per_class": [
        {
            "book": 0.24397120330520278,
            "bird": 0.6547538524048113,
            "stop sign": 0.877296772293652,
            "zebra": 0.8146424487666156
        },
        {
            "book": 0.2489062607284188,
            "bird": 0.6642334616238684,
            "stop sign": 0.8751196172248804,
            "zebra": 0.7870040804095638
        },
        {
            "book": 0.22650451615721376,
            "bird": 0.6296389827148999,
            "stop sign": 0.8895726495726497,
            "zebra": 0.8102132028503926
        }
    ],
    "feedback_method": "vlm",
    "train_loss_per_epoch": [
        [
            0.6645756576573162,
            0.4804702353613751,
            0.4093516281033842
        ],
        [
            0.6178175868367737,
            0.4606349347698997,
            0.42453361086721925
        ],
        [
            0.5781418559516296,
            0.45085441939356363,
            0.4056661853980454
        ]
    ],
    "val_loss_per_epoch": [
        [
            0.5673102011638028,
            0.48734988272190094,
            0.48661722088498727
        ],
        [
            0.4973198679941041,
            0.4619565806218556,
            0.47402355670928953
        ],
        [
            0.49225747723664554,
            0.47732931380825383,
            0.4605732876275267
        ]
    ],
    "train_map_per_epoch": [
        [
            0.6587775950190357,
            0.7619250048394731,
            0.8050601307145467
        ],
        [
            0.7104690223755727,
            0.7729657892966775,
            0.7958223895582341
        ],
        [
            0.7112798598952951,
            0.7653107296583451,
            0.7977900971735185
        ]
    ],
    "val_map_per_epoch": [
        [
            0.5746217132763758,
            0.6513730645352692,
            0.6821448656127185
        ],
        [
            0.656457921791171,
            0.6739465852173132,
            0.677066620707822
        ],
        [
            0.6436940334876176,
            0.7023162787317853,
            0.676065114617082
        ]
    ]
}