{
    "iteration": [
        1
    ],
    "train_size": [
        1005
    ],
    "mean_ap": [
        0.6476660691925704
    ],
    "ap_per_class": [
        {
            "book": 0.24397120330520278,
            "bird": 0.6547538524048113,
            "stop sign": 0.877296772293652,
            "zebra": 0.8146424487666156
        }
    ],
    "feedback_method": "vlm",
    "train_loss_per_epoch": [
        [
            0.6645756576573162,
            0.4804702353613751,
            0.4093516281033842
        ]
    ],
    "val_loss_per_epoch": [
        [
            0.5673102011638028,
            0.48734988272190094,
            0.48661722088498727
        ]
    ],
    "train_map_per_epoch": [
        [
            0.6587775950190357,
            0.7619250048394731,
            0.8050601307145467
        ]
    ],
    "val_map_per_epoch": [
        [
            0.5746217132763758,
            0.6513730645352692,
            0.6821448656127185
        ]
    ]
}