{
    "iteration": [
        1
    ],
    "train_size": [
        1507
    ],
    "mean_ap": [
        0.6495800522934566
    ],
    "ap_per_class": [
        {
            "book": 0.2647474052988787,
            "bird": 0.6486558017808018,
            "stop sign": 0.8691964675090131,
            "zebra": 0.8157205345851327
        }
    ],
    "feedback_method": "vlm",
    "train_loss_per_epoch": [
        [
            0.6587551905123877,
            0.5120585770086837,
            0.4471766544748048
        ]
    ],
    "val_loss_per_epoch": [
        [
            0.5240710850272859,
            0.48115188447492463,
            0.470602808413761
        ]
    ],
    "train_map_per_epoch": [
        [
            0.6647065901007931,
            0.7654084698146726,
            0.7942123521439659
        ]
    ],
    "val_map_per_epoch": [
        [
            0.6383987207038647,
            0.6660675677349671,
            0.6731520932801901
        ]
    ]
}