{
    "iteration": [
        1,
        2
    ],
    "train_size": [
        1507,
        1800
    ],
    "mean_ap": [
        0.6495800522934566,
        0.6410102151289523
    ],
    "ap_per_class": [
        {
            "book": 0.2647474052988787,
            "bird": 0.6486558017808018,
            "stop sign": 0.8691964675090131,
            "zebra": 0.8157205345851327
        },
        {
            "book": 0.2305407649695925,
            "bird": 0.6288701519859998,
            "stop sign": 0.8890226374416099,
            "zebra": 0.8156073061186067
        }
    ],
    "feedback_method": "vlm",
    "train_loss_per_epoch": [
        [
            0.6587551905123877,
            0.5120585770086837,
            0.4471766544748048
        ],
        [
            0.6245812681814035,
            0.47877558549245197,
            0.4333971262226502
        ]
    ],
    "val_loss_per_epoch": [
        [
            0.5240710850272859,
            0.48115188447492463,
            0.470602808413761
        ],
        [
            0.47963665149041584,
            0.47034493892320567,
            0.4617557783211981
        ]
    ],
    "train_map_per_epoch": [
        [
            0.6647065901007931,
            0.7654084698146726,
            0.7942123521439659
        ],
        [
            0.687832665802023,
            0.7288326987901494,
            0.7862028288519955
        ]
    ],
    "val_map_per_epoch": [
        [
            0.6383987207038647,
            0.6660675677349671,
            0.6731520932801901
        ],
        [
            0.6427225122377765,
            0.6659852663714988,
            0.6547448094119304
        ]
    ]
}