{
    "iteration": [
        0,
        1
    ],
    "train_size": [
        502,
        1360
    ],
    "mean_ap": [
        0.6456876722799252,
        0.633904615574454
    ],
    "ap_per_class": [
        {
            "book": 0.2436066237652321,
            "bird": 0.6284273154521034,
            "stop sign": 0.8786464708282333,
            "zebra": 0.8320702790741317
        },
        {
            "book": 0.2262718808929057,
            "bird": 0.6313181606672645,
            "stop sign": 0.8855488783364731,
            "zebra": 0.7924795424011725
        }
    ],
    "feedback_method": "iou_threshold_0.6",
    "train_loss_per_epoch": [
        [
            0.7040774697564037,
            0.48260070214352285,
            0.4130618014777324
        ],
        [
            0.31035613584167815,
            0.2654704477199737,
            0.2369043622713755
        ]
    ],
    "val_loss_per_epoch": [
        [
            0.6019270157707589,
            0.5958673357963562,
            0.560402709139245
        ],
        [
            0.5788632356694766,
            0.5620979751859393,
            0.6327807042747736
        ]
    ],
    "train_map_per_epoch": [
        [
            0.7040738108783711,
            0.7938427988060088,
            0.8514383304373756
        ],
        [
            0.8529477907543868,
            0.8814271975318961,
            0.9027296914321152
        ]
    ],
    "val_map_per_epoch": [
        [
            0.6202864450799327,
            0.6345781825569,
            0.664861465013817
        ],
        [
            0.6539629977023133,
            0.6761066943749574,
            0.6507400444671085
        ]
    ]
}