{
    "iteration": [
        0
    ],
    "train_size": [
        502
    ],
    "mean_ap": [
        0.6456876722799252
    ],
    "ap_per_class": [
        {
            "book": 0.2436066237652321,
            "bird": 0.6284273154521034,
            "stop sign": 0.8786464708282333,
            "zebra": 0.8320702790741317
        }
    ],
    "feedback_method": "iou_threshold_0.6",
    "train_loss_per_epoch": [
        [
            0.7040774697564037,
            0.48260070214352285,
            0.4130618014777324
        ]
    ],
    "val_loss_per_epoch": [
        [
            0.6019270157707589,
            0.5958673357963562,
            0.560402709139245
        ]
    ],
    "train_map_per_epoch": [
        [
            0.7040738108783711,
            0.7938427988060088,
            0.8514383304373756
        ]
    ],
    "val_map_per_epoch": [
        [
            0.6202864450799327,
            0.6345781825569,
            0.664861465013817
        ]
    ]
}