{
    "iteration": [
        0,
        1,
        2,
        3
    ],
    "train_size": [
        502,
        1360,
        1555,
        1631
    ],
    "mean_ap": [
        0.6456876722799252,
        0.633904615574454,
        0.6320855212192356,
        0.6179737669830043
    ],
    "ap_per_class": [
        {
            "book": 0.2436066237652321,
            "bird": 0.6284273154521034,
            "stop sign": 0.8786464708282333,
            "zebra": 0.8320702790741317
        },
        {
            "book": 0.2262718808929057,
            "bird": 0.6313181606672645,
            "stop sign": 0.8855488783364731,
            "zebra": 0.7924795424011725
        },
        {
            "book": 0.17826761314566192,
            "bird": 0.601605791522953,
            "stop sign": 0.9407334726583922,
            "zebra": 0.807735207549935
        },
        {
            "book": 0.18832907427615364,
            "bird": 0.6202394417050522,
            "stop sign": 0.8784117305458768,
            "zebra": 0.7849148214049345
        }
    ],
    "feedback_method": "iou_threshold_0.6",
    "train_loss_per_epoch": [
        [
            0.7040774697564037,
            0.48260070214352285,
            0.4130618014777324
        ],
        [
            0.31035613584167815,
            0.2654704477199737,
            0.2369043622713755
        ],
        [
            0.2800702821836833,
            0.2623851968018592,
            0.24356829876841493
        ],
        [
            0.26008480307006954,
            0.22792768756877266,
            0.22321474177799389
        ]
    ],
    "val_loss_per_epoch": [
        [
            0.6019270157707589,
            0.5958673357963562,
            0.560402709139245
        ],
        [
            0.5788632356694766,
            0.5620979751859393,
            0.6327807042747736
        ],
        [
            0.6127408898834671,
            0.642112881104861,
            0.6221560486725398
        ],
        [
            0.6037833773664065,
            0.6024393503155027,
            0.766530826953905
        ]
    ],
    "train_map_per_epoch": [
        [
            0.7040738108783711,
            0.7938427988060088,
            0.8514383304373756
        ],
        [
            0.8529477907543868,
            0.8814271975318961,
            0.9027296914321152
        ],
        [
            0.886959199440827,
            0.8375064102604816,
            0.9077671691184588
        ],
        [
            0.8987194624066367,
            0.8807307390394186,
            0.8627668703395802
        ]
    ],
    "val_map_per_epoch": [
        [
            0.6202864450799327,
            0.6345781825569,
            0.664861465013817
        ],
        [
            0.6539629977023133,
            0.6761066943749574,
            0.6507400444671085
        ],
        [
            0.6250585469397157,
            0.601645681222717,
            0.6213276920031497
        ],
        [
            0.6390117606514452,
            0.6276779407246984,
            0.5260848431408807
        ]
    ]
}