{
    "iteration": [
        0,
        1,
        2,
        3
    ],
    "train_size": [
        1005,
        1475,
        1642,
        1675
    ],
    "mean_ap": [
        0.6049461793770888,
        0.6294970570441405,
        0.5908743774271485,
        0.6423711856259797
    ],
    "ap_per_class": [
        {
            "book": 0.213103731577056,
            "bird": 0.5427497642870726,
            "stop sign": 0.8654508611955422,
            "zebra": 0.7984803604486846
        },
        {
            "book": 0.16630605814159996,
            "bird": 0.6168665977329586,
            "stop sign": 0.8847500983864622,
            "zebra": 0.8500654739155412
        },
        {
            "book": 0.16600908256097918,
            "bird": 0.5521266439393123,
            "stop sign": 0.8598211718705079,
            "zebra": 0.7855406113377948
        },
        {
            "book": 0.2003080932640726,
            "bird": 0.6400330902265923,
            "stop sign": 0.9448772561942009,
            "zebra": 0.7842663028190533
        }
    ],
    "feedback_method": "iou_threshold_0.6",
    "train_loss_per_epoch": [
        [
            0.6862384231972173,
            0.4998925231974831,
            0.43060339646595375
        ],
        [
            0.3705042316843339,
            0.33630719031825623,
            0.3049801373728084
        ],
        [
            0.336401489689202,
            0.302089234117541,
            0.2859695342331943
        ],
        [
            0.28884978196750394,
            0.2597254580131294,
            0.24431670393999266
        ]
    ],
    "val_loss_per_epoch": [
        [
            0.522054554202727,
            0.5013618669871773,
            0.5114714999284063
        ],
        [
            0.4843625124011721,
            0.5122456210000175,
            0.5057619811168739
        ],
        [
            0.5271664324083498,
            0.5242532095206636,
            0.5366310372416462
        ],
        [
            0.5173289959451982,
            0.5304868139326573,
            0.5267679996788501
        ]
    ],
    "train_map_per_epoch": [
        [
            0.6761061353314075,
            0.7246254885976902,
            0.7883669773747399
        ],
        [
            0.778308201539322,
            0.8158727515868696,
            0.8145827094694806
        ],
        [
            0.8076123036088705,
            0.8042072932992682,
            0.8487328505068579
        ],
        [
            0.8478872493912656,
            0.8538322832938516,
            0.8668942835971123
        ]
    ],
    "val_map_per_epoch": [
        [
            0.651253519233372,
            0.6410560191456416,
            0.6498521371905324
        ],
        [
            0.6585560265066849,
            0.6576421269423536,
            0.6311901757134156
        ],
        [
            0.6533139225707083,
            0.6164199161866959,
            0.6385134946165828
        ],
        [
            0.6552871255550761,
            0.6529550603824412,
            0.6681093717467952
        ]
    ]
}