{
    "iteration": [
        0
    ],
    "train_size": [
        1005
    ],
    "mean_ap": [
        0.6049461793770888
    ],
    "ap_per_class": [
        {
            "book": 0.213103731577056,
            "bird": 0.5427497642870726,
            "stop sign": 0.8654508611955422,
            "zebra": 0.7984803604486846
        }
    ],
    "feedback_method": "iou_threshold_0.6",
    "train_loss_per_epoch": [
        [
            0.6862384231972173,
            0.4998925231974831,
            0.43060339646595375
        ]
    ],
    "val_loss_per_epoch": [
        [
            0.522054554202727,
            0.5013618669871773,
            0.5114714999284063
        ]
    ],
    "train_map_per_epoch": [
        [
            0.6761061353314075,
            0.7246254885976902,
            0.7883669773747399
        ]
    ],
    "val_map_per_epoch": [
        [
            0.651253519233372,
            0.6410560191456416,
            0.6498521371905324
        ]
    ]
}