{
    "iteration": [
        0,
        1
    ],
    "train_size": [
        1005,
        1475
    ],
    "mean_ap": [
        0.6049461793770888,
        0.6294970570441405
    ],
    "ap_per_class": [
        {
            "book": 0.213103731577056,
            "bird": 0.5427497642870726,
            "stop sign": 0.8654508611955422,
            "zebra": 0.7984803604486846
        },
        {
            "book": 0.16630605814159996,
            "bird": 0.6168665977329586,
            "stop sign": 0.8847500983864622,
            "zebra": 0.8500654739155412
        }
    ],
    "feedback_method": "iou_threshold_0.6",
    "train_loss_per_epoch": [
        [
            0.6862384231972173,
            0.4998925231974831,
            0.43060339646595375
        ],
        [
            0.3705042316843339,
            0.33630719031825623,
            0.3049801373728084
        ]
    ],
    "val_loss_per_epoch": [
        [
            0.522054554202727,
            0.5013618669871773,
            0.5114714999284063
        ],
        [
            0.4843625124011721,
            0.5122456210000175,
            0.5057619811168739
        ]
    ],
    "train_map_per_epoch": [
        [
            0.6761061353314075,
            0.7246254885976902,
            0.7883669773747399
        ],
        [
            0.778308201539322,
            0.8158727515868696,
            0.8145827094694806
        ]
    ],
    "val_map_per_epoch": [
        [
            0.651253519233372,
            0.6410560191456416,
            0.6498521371905324
        ],
        [
            0.6585560265066849,
            0.6576421269423536,
            0.6311901757134156
        ]
    ]
}