{
    "iteration": [
        1,
        2
    ],
    "train_size": [
        1507,
        2283
    ],
    "mean_ap": [
        0.6741969071699532,
        0.6645109587809084
    ],
    "ap_per_class": [
        {
            "book": 0.2965610338542735,
            "bird": 0.6781408797966123,
            "stop sign": 0.8927456382001837,
            "zebra": 0.8293400768287431
        },
        {
            "book": 0.2925486109509531,
            "bird": 0.678584942256716,
            "stop sign": 0.890909090909091,
            "zebra": 0.7960011910068734
        }
    ],
    "feedback_method": "vlm",
    "train_loss_per_epoch": [
        [
            0.5821684763349336,
            0.40883026730555755,
            0.357829765987333,
            0.328391127663835,
            0.3034563674060356,
            0.28945478338461655,
            0.2730032975738498
        ],
        [
            0.5668337357910628,
            0.40413590649798536,
            0.35956236147264675,
            0.3305500610331938,
            0.30815174401902484,
            0.29058146237961674,
            0.2748923373592923
        ]
    ],
    "val_loss_per_epoch": [
        [
            0.4758753022977284,
            0.45873589984008245,
            0.4694639367716653,
            0.45924794908080785,
            0.47154293486050197,
            0.5068253691707338,
            0.4869377138359206
        ],
        [
            0.4695388504437038,
            0.4609425357409886,
            0.4697787904313632,
            0.465853222991739,
            0.47176114427191873,
            0.4753778663064752,
            0.49521333830697195
        ]
    ],
    "train_map_per_epoch": [
        [
            0.7853973151848214,
            0.8203750930322384,
            0.8448317078385569,
            0.8638834579134476,
            0.8714123804102475,
            0.878544279658145,
            0.8884456256815904
        ],
        [
            0.7837865780845195,
            0.8229599462718176,
            0.8415959172076231,
            0.8532487537028195,
            0.8711310152371039,
            0.8809585928684149,
            0.8900049411237462
        ]
    ],
    "val_map_per_epoch": [
        [
            0.7515069643522384,
            0.766033268840586,
            0.7574596121319425,
            0.7593264492894773,
            0.7485670815901551,
            0.7101420874130653,
            0.7379570940892708
        ],
        [
            0.7574112567335773,
            0.7629418497031685,
            0.7432314887001477,
            0.7666410688331673,
            0.7419802167491951,
            0.7490379999986154,
            0.7400005715803906
        ]
    ]
}