{
    "iteration": [
        1
    ],
    "train_size": [
        1507
    ],
    "mean_ap": [
        0.6741969071699532
    ],
    "ap_per_class": [
        {
            "book": 0.2965610338542735,
            "bird": 0.6781408797966123,
            "stop sign": 0.8927456382001837,
            "zebra": 0.8293400768287431
        }
    ],
    "feedback_method": "vlm",
    "train_loss_per_epoch": [
        [
            0.5821684763349336,
            0.40883026730555755,
            0.357829765987333,
            0.328391127663835,
            0.3034563674060356,
            0.28945478338461655,
            0.2730032975738498
        ]
    ],
    "val_loss_per_epoch": [
        [
            0.4758753022977284,
            0.45873589984008245,
            0.4694639367716653,
            0.45924794908080785,
            0.47154293486050197,
            0.5068253691707338,
            0.4869377138359206
        ]
    ],
    "train_map_per_epoch": [
        [
            0.7853973151848214,
            0.8203750930322384,
            0.8448317078385569,
            0.8638834579134476,
            0.8714123804102475,
            0.878544279658145,
            0.8884456256815904
        ]
    ],
    "val_map_per_epoch": [
        [
            0.7515069643522384,
            0.766033268840586,
            0.7574596121319425,
            0.7593264492894773,
            0.7485670815901551,
            0.7101420874130653,
            0.7379570940892708
        ]
    ]
}