{
    "iteration": [
        1
    ],
    "train_size": [
        2010
    ],
    "mean_ap": [
        0.6897160711612632
    ],
    "ap_per_class": [
        {
            "book": 0.3112115116704192,
            "bird": 0.6824180872782241,
            "stop sign": 0.8910245575869138,
            "zebra": 0.8742101281094957
        }
    ],
    "feedback_method": "vlm",
    "train_loss_per_epoch": [
        [
            0.5551456895547643,
            0.40818821403307187,
            0.36139321390902307,
            0.33356034016573644,
            0.31069444502087284,
            0.291935873360449,
            0.2786420199197993
        ]
    ],
    "val_loss_per_epoch": [
        [
            0.4296946163688387,
            0.4233023511511939,
            0.4233813745634896,
            0.42671169404472625,
            0.43996646191392624,
            0.4489853162850652,
            0.46614896186760496
        ]
    ],
    "train_map_per_epoch": [
        [
            0.7966956816186703,
            0.8181095503591518,
            0.8389848116738291,
            0.8595896493540341,
            0.8721701446072287,
            0.8776024752626781,
            0.8867518397666805
        ]
    ],
    "val_map_per_epoch": [
        [
            0.7685229365004135,
            0.7629111328813845,
            0.767809134049241,
            0.7640358939708033,
            0.7671306764646593,
            0.7592796709389741,
            0.7621143362136447
        ]
    ]
}