{
    "iteration": [
        1,
        2
    ],
    "train_size": [
        2010,
        2421
    ],
    "mean_ap": [
        0.6897160711612632,
        0.682916218432973
    ],
    "ap_per_class": [
        {
            "book": 0.3112115116704192,
            "bird": 0.6824180872782241,
            "stop sign": 0.8910245575869138,
            "zebra": 0.8742101281094957
        },
        {
            "book": 0.30260171368059,
            "bird": 0.6872658139038595,
            "stop sign": 0.8921687604661728,
            "zebra": 0.8496285856812698
        }
    ],
    "feedback_method": "vlm",
    "train_loss_per_epoch": [
        [
            0.5551456895547643,
            0.40818821403307187,
            0.36139321390902307,
            0.33356034016573644,
            0.31069444502087284,
            0.291935873360449,
            0.2786420199197993
        ],
        [
            0.5364573720117213,
            0.3992276515922334,
            0.35870216368842045,
            0.3294166715772632,
            0.30842850032714336,
            0.2927526025956023,
            0.2793179524343203,
            0.2669936229441032,
            0.257819364296131
        ]
    ],
    "val_loss_per_epoch": [
        [
            0.4296946163688387,
            0.4233023511511939,
            0.4233813745634896,
            0.42671169404472625,
            0.43996646191392624,
            0.4489853162850652,
            0.46614896186760496
        ],
        [
            0.43566644532339915,
            0.42028758153319357,
            0.4249463283589908,
            0.4227802665105888,
            0.4349501494850431,
            0.44447039301906316,
            0.46679080416049273,
            0.4788357687847955,
            0.4844545746488231
        ]
    ],
    "train_map_per_epoch": [
        [
            0.7966956816186703,
            0.8181095503591518,
            0.8389848116738291,
            0.8595896493540341,
            0.8721701446072287,
            0.8776024752626781,
            0.8867518397666805
        ],
        [
            0.7887255365684582,
            0.8199589145015457,
            0.840670757708705,
            0.857014731983847,
            0.8643138750992198,
            0.8677765376878421,
            0.8833578472312167,
            0.8826067370487232,
            0.8922828686913409
        ]
    ],
    "val_map_per_epoch": [
        [
            0.7685229365004135,
            0.7629111328813845,
            0.767809134049241,
            0.7640358939708033,
            0.7671306764646593,
            0.7592796709389741,
            0.7621143362136447
        ],
        [
            0.7650936930232682,
            0.765115370041137,
            0.7662402237180813,
            0.7752731736783068,
            0.7672654106480709,
            0.7590575326050266,
            0.7589188631155795,
            0.7498462941662488,
            0.7536624202236385
        ]
    ]
}