{
    "iteration": [
        0,
        1,
        2,
        3
    ],
    "train_size": [
        1507,
        1900,
        2006,
        2041
    ],
    "mean_ap": [
        0.6417922046151314,
        0.6603511465353566,
        0.6231450845322556,
        0.6356295953942507
    ],
    "ap_per_class": [
        {
            "book": 0.29083484669866405,
            "bird": 0.6171029503509033,
            "stop sign": 0.8803466648294236,
            "zebra": 0.7788843565815345
        },
        {
            "book": 0.2404107636252044,
            "bird": 0.6812015660492496,
            "stop sign": 0.8832082578622754,
            "zebra": 0.8365839986046975
        },
        {
            "book": 0.24677422483910932,
            "bird": 0.5768950053001507,
            "stop sign": 0.8599205945230581,
            "zebra": 0.8089905134667041
        },
        {
            "book": 0.18092611298412117,
            "bird": 0.6301708195319913,
            "stop sign": 0.9033223694822363,
            "zebra": 0.8280990795786538
        }
    ],
    "feedback_method": "iou_threshold_0.6",
    "train_loss_per_epoch": [
        [
            0.6241261193365728,
            0.4911919712862222,
            0.42834934989479556
        ],
        [
            0.3587750836500996,
            0.33399229846502604,
            0.3074860588186666
        ],
        [
            0.3331369866476815,
            0.32417557655962725,
            0.3160242918109965
        ],
        [
            0.2984611303869354,
            0.27427256394115646,
            0.2867650030131555
        ]
    ],
    "val_loss_per_epoch": [
        [
            0.550827339344791,
            0.5347312036901712,
            0.5246402162526335
        ],
        [
            0.5154395996459893,
            0.5826213468930551,
            0.5858209584440504
        ],
        [
            0.5697926081717014,
            0.5605490920799119,
            0.5815684258937835
        ],
        [
            0.577799839047449,
            0.5929402970841953,
            0.5599561503955296
        ]
    ],
    "train_map_per_epoch": [
        [
            0.6809189296580584,
            0.7626401494035728,
            0.8045954771696835
        ],
        [
            0.8196234032435235,
            0.848583708398706,
            0.8610408286331168
        ],
        [
            0.804020876590296,
            0.8309770797714802,
            0.8282875150825131
        ],
        [
            0.8739269803194972,
            0.8632826686396584,
            0.8600961198901198
        ]
    ],
    "val_map_per_epoch": [
        [
            0.6232489066272626,
            0.6496966234565937,
            0.6570400335831312
        ],
        [
            0.6625245123900088,
            0.6386086704397369,
            0.6451453396512152
        ],
        [
            0.6398050906428974,
            0.6396726677141287,
            0.6001379262878808
        ],
        [
            0.6648449460920259,
            0.6337714952015545,
            0.6375605624316758
        ]
    ]
}