{
    "iteration": [
        0
    ],
    "train_size": [
        1507
    ],
    "mean_ap": [
        0.6417922046151314
    ],
    "ap_per_class": [
        {
            "book": 0.29083484669866405,
            "bird": 0.6171029503509033,
            "stop sign": 0.8803466648294236,
            "zebra": 0.7788843565815345
        }
    ],
    "feedback_method": "iou_threshold_0.6",
    "train_loss_per_epoch": [
        [
            0.6241261193365728,
            0.4911919712862222,
            0.42834934989479556
        ]
    ],
    "val_loss_per_epoch": [
        [
            0.550827339344791,
            0.5347312036901712,
            0.5246402162526335
        ]
    ],
    "train_map_per_epoch": [
        [
            0.6809189296580584,
            0.7626401494035728,
            0.8045954771696835
        ]
    ],
    "val_map_per_epoch": [
        [
            0.6232489066272626,
            0.6496966234565937,
            0.6570400335831312
        ]
    ]
}