{
    "iteration": [
        1,
        2
    ],
    "train_size": [
        502,
        2162
    ],
    "mean_ap": [
        0.6678009742138682,
        0.685331699363106
    ],
    "ap_per_class": [
        {
            "book": 0.2458820601029642,
            "bird": 0.6736053668863302,
            "stop sign": 0.8888606105851348,
            "zebra": 0.8628558592810435
        },
        {
            "book": 0.31424425247626564,
            "bird": 0.6672413721169339,
            "stop sign": 0.8960063716008649,
            "zebra": 0.8638348012583593
        }
    ],
    "feedback_method": "vlm",
    "train_loss_per_epoch": [
        [
            0.7694172377860735,
            0.4397878891655377,
            0.3728802641705861,
            0.3342732982266517,
            0.3073184165571417,
            0.2932914626740274,
            0.28088710610828704
        ],
        [
            0.5298417766686949,
            0.38746553770991216,
            0.34647724507531485,
            0.3190330999478174,
            0.29982804519411815,
            0.2827195155119279,
            0.26833834260867395,
            0.2560218596855065
        ]
    ],
    "val_loss_per_epoch": [
        [
            0.49303157776594164,
            0.44706500619649886,
            0.4449679534350123,
            0.45010317627872737,
            0.45559406663690294,
            0.4724639153906277,
            0.46713158445698877
        ],
        [
            0.4214730573551995,
            0.4220019962106432,
            0.4123516359499523,
            0.4297375416117055,
            0.4406994651470866,
            0.45184454768896104,
            0.44615250368203435,
            0.4729924785239356
        ]
    ],
    "train_map_per_epoch": [
        [
            0.7765832394955039,
            0.8357355423611939,
            0.8541862841407147,
            0.8820592673682408,
            0.899691165787891,
            0.9019819048757398,
            0.9112847225026394
        ],
        [
            0.7914617803382469,
            0.8241268040437546,
            0.8448200377805468,
            0.8598412253722653,
            0.870728704150852,
            0.8781595655998133,
            0.8867987062713624,
            0.8898403436173339
        ]
    ],
    "val_map_per_epoch": [
        [
            0.7568539165985456,
            0.774027683333817,
            0.7718945344644695,
            0.7709483838469229,
            0.7726885990001151,
            0.7535399079253979,
            0.7596152686528453
        ],
        [
            0.7749025316701194,
            0.7839891828043183,
            0.7821540544763164,
            0.773113637776883,
            0.7383616915246538,
            0.7559224635237383,
            0.7620678318137605,
            0.7494751767992096
        ]
    ]
}