{
    "iteration": [
        1
    ],
    "train_size": [
        502
    ],
    "mean_ap": [
        0.6678009742138682
    ],
    "ap_per_class": [
        {
            "book": 0.2458820601029642,
            "bird": 0.6736053668863302,
            "stop sign": 0.8888606105851348,
            "zebra": 0.8628558592810435
        }
    ],
    "feedback_method": "vlm",
    "train_loss_per_epoch": [
        [
            0.7694172377860735,
            0.4397878891655377,
            0.3728802641705861,
            0.3342732982266517,
            0.3073184165571417,
            0.2932914626740274,
            0.28088710610828704
        ]
    ],
    "val_loss_per_epoch": [
        [
            0.49303157776594164,
            0.44706500619649886,
            0.4449679534350123,
            0.45010317627872737,
            0.45559406663690294,
            0.4724639153906277,
            0.46713158445698877
        ]
    ],
    "train_map_per_epoch": [
        [
            0.7765832394955039,
            0.8357355423611939,
            0.8541862841407147,
            0.8820592673682408,
            0.899691165787891,
            0.9019819048757398,
            0.9112847225026394
        ]
    ],
    "val_map_per_epoch": [
        [
            0.7568539165985456,
            0.774027683333817,
            0.7718945344644695,
            0.7709483838469229,
            0.7726885990001151,
            0.7535399079253979,
            0.7596152686528453
        ]
    ]
}