{
    "iteration": [
        0,
        1,
        2,
        3
    ],
    "train_size": [
        502,
        1257,
        1484,
        1523
    ],
    "mean_ap": [
        0.6453692076033466,
        0.6267964800029658,
        0.6332493381769135,
        0.6169446039045806
    ],
    "ap_per_class": [
        {
            "book": 0.23185259456215174,
            "bird": 0.6525525431681156,
            "stop sign": 0.8819822559431947,
            "zebra": 0.8150894367399245
        },
        {
            "book": 0.18834101983377805,
            "bird": 0.6155102393777308,
            "stop sign": 0.8708555575093293,
            "zebra": 0.8324791032910251
        },
        {
            "book": 0.18748818954386853,
            "bird": 0.6264753642784423,
            "stop sign": 0.8904112042409916,
            "zebra": 0.8286225946443515
        },
        {
            "book": 0.20338506910433876,
            "bird": 0.5985052707842273,
            "stop sign": 0.8764703260126601,
            "zebra": 0.7894177497170962
        }
    ],
    "feedback_method": "iou_threshold_0.6",
    "train_loss_per_epoch": [
        [
            0.7721042760102398,
            0.5253010622236833,
            0.42951470586764384
        ],
        [
            0.2993991548500493,
            0.26728886794683854,
            0.25683040809129115
        ],
        [
            0.27493807780895274,
            0.2346130770171749,
            0.21502030287389806
        ],
        [
            0.22805033671105002,
            0.2129500744732346,
            0.20201408251474692
        ]
    ],
    "val_loss_per_epoch": [
        [
            0.5711522049137524,
            0.5508082035928965,
            0.5227565597210612
        ],
        [
            0.5612543891050986,
            0.5239960196294955,
            0.5376415723668677
        ],
        [
            0.5294541974152838,
            0.5275890245501484,
            0.5417874099952834
        ],
        [
            0.5796960581094026,
            0.5235207518828767,
            0.5437083140547786
        ]
    ],
    "train_map_per_epoch": [
        [
            0.6224020792848912,
            0.7200308803299956,
            0.8338858239862726
        ],
        [
            0.8205059600077871,
            0.8767691920184273,
            0.860058847218109
        ],
        [
            0.8592466144946321,
            0.8684480741480621,
            0.9076281245319245
        ],
        [
            0.8600289105860319,
            0.8848902259461662,
            0.887930510903491
        ]
    ],
    "val_map_per_epoch": [
        [
            0.5798876266786679,
            0.6250743372281864,
            0.6469423018349687
        ],
        [
            0.6443857164538822,
            0.6693453300897472,
            0.6257652198536275
        ],
        [
            0.6410850751307351,
            0.6497130122298499,
            0.6677333648621809
        ],
        [
            0.6226027783221313,
            0.6611549247985704,
            0.6557593187525749
        ]
    ]
}