{
    "iteration": [
        0
    ],
    "train_size": [
        502
    ],
    "mean_ap": [
        0.6453692076033466
    ],
    "ap_per_class": [
        {
            "book": 0.23185259456215174,
            "bird": 0.6525525431681156,
            "stop sign": 0.8819822559431947,
            "zebra": 0.8150894367399245
        }
    ],
    "feedback_method": "iou_threshold_0.6",
    "train_loss_per_epoch": [
        [
            0.7721042760102398,
            0.5253010622236833,
            0.42951470586764384
        ]
    ],
    "val_loss_per_epoch": [
        [
            0.5711522049137524,
            0.5508082035928965,
            0.5227565597210612
        ]
    ],
    "train_map_per_epoch": [
        [
            0.6224020792848912,
            0.7200308803299956,
            0.8338858239862726
        ]
    ],
    "val_map_per_epoch": [
        [
            0.5798876266786679,
            0.6250743372281864,
            0.6469423018349687
        ]
    ]
}