{
    "iteration": [
        0,
        1
    ],
    "train_size": [
        1507,
        1841
    ],
    "mean_ap": [
        0.625398090287196,
        0.6419894055806847
    ],
    "ap_per_class": [
        {
            "book": 0.22189494682520933,
            "bird": 0.6166134196478553,
            "stop sign": 0.8503760109772769,
            "zebra": 0.8127079836984424
        },
        {
            "book": 0.2627792936213126,
            "bird": 0.5943382756145729,
            "stop sign": 0.8766982826188328,
            "zebra": 0.834141770468021
        }
    ],
    "feedback_method": "iou_threshold_0.6",
    "train_loss_per_epoch": [
        [
            0.658296556920999,
            0.5024356793226867,
            0.42813655839793247
        ],
        [
            0.4544382797762444,
            0.4133331002374296,
            0.3634986882376101
        ]
    ],
    "val_loss_per_epoch": [
        [
            0.5009129091032913,
            0.538372346333095,
            0.5151744259787457
        ],
        [
            0.49044533829603876,
            0.48833940619868893,
            0.5063430507800408
        ]
    ],
    "train_map_per_epoch": [
        [
            0.6967901264596701,
            0.7120822552546289,
            0.7549846632023791
        ],
        [
            0.7464513735522067,
            0.8027290054785441,
            0.8030895649700087
        ]
    ],
    "val_map_per_epoch": [
        [
            0.6621713057358014,
            0.6189267716438936,
            0.6531540700849944
        ],
        [
            0.6577873155871339,
            0.6577044139738104,
            0.6495359891695921
        ]
    ]
}