{
    "iteration": [
        0
    ],
    "train_size": [
        1507
    ],
    "mean_ap": [
        0.625398090287196
    ],
    "ap_per_class": [
        {
            "book": 0.22189494682520933,
            "bird": 0.6166134196478553,
            "stop sign": 0.8503760109772769,
            "zebra": 0.8127079836984424
        }
    ],
    "feedback_method": "iou_threshold_0.6",
    "train_loss_per_epoch": [
        [
            0.658296556920999,
            0.5024356793226867,
            0.42813655839793247
        ]
    ],
    "val_loss_per_epoch": [
        [
            0.5009129091032913,
            0.538372346333095,
            0.5151744259787457
        ]
    ],
    "train_map_per_epoch": [
        [
            0.6967901264596701,
            0.7120822552546289,
            0.7549846632023791
        ]
    ],
    "val_map_per_epoch": [
        [
            0.6621713057358014,
            0.6189267716438936,
            0.6531540700849944
        ]
    ]
}