{
    "iteration": [
        1,
        2
    ],
    "train_size": [
        502,
        1191
    ],
    "mean_ap": [
        0.49877283588298305,
        0.5202642881903872
    ],
    "ap_per_class": [
        [
            1.0,
            2.0,
            3.0,
            4.0
        ],
        [
            1.0,
            2.0,
            3.0,
            4.0
        ]
    ],
    "feedback_method": "iou_threshold_0.6",
    "train_loss_per_epoch": [
        [
            0.7199379844324929
        ],
        [
            0.4378087583604275
        ]
    ],
    "val_loss_per_epoch": [
        [
            0.5278148097651345
        ],
        [
            0.49001816170556206
        ]
    ],
    "train_map_per_epoch": [
        [
            0.7133608571792925
        ],
        [
            0.8649095137998373
        ]
    ],
    "val_map_per_epoch": [
        [
            0.649750995057693
        ],
        [
            0.6695792816105084
        ]
    ]
}